name,type,start_time,duration,mosi,miso
SPI,enable,0.782616,0.000000042,,
SPI,result,0.78262025,0.00003,0xA9,0xFF
SPI,result,0.782655958,0.00003,0xFF,0x00
SPI,disable,0.782688167,0.000000042,,
SPI,enable,0.782690042,0.000000042,,
SPI,result,0.782694333,0.00003,0xA8,0xFF
SPI,result,0.782730042,0.000029958,0xFF,0x3F
SPI,disable,0.78276225,0.000000042,,
SPI,enable,0.782764292,0.000000042,,
SPI,result,0.782768583,0.00003,0xAB,0xFF
SPI,result,0.782804292,0.00003,0xFF,0x01
SPI,disable,0.7828365,0.000000042,,
SPI,enable,0.782838375,0.000000042,,
SPI,result,0.782842667,0.00003,0xAA,0xFF
SPI,result,0.782878375,0.00003,0xFF,0x13
SPI,disable,0.782910583,0.000000042,,
SPI,enable,0.782912667,0.000000042,,
SPI,result,0.782916958,0.00003,0xAD,0xFF
SPI,result,0.782952625,0.000030042,0xFF,0x3E
SPI,disable,0.782984875,0.000000042,,
SPI,enable,0.78298675,0.000000042,,
SPI,result,0.782991042,0.00003,0xAC,0xFF
SPI,result,0.78302675,0.00003,0xFF,0x72
SPI,disable,0.783058958,0.000000042,,
SPI,enable,2.481193333,0.000000042,,
SPI,result,2.481197625,0.00003,0xA9,0xFF
SPI,result,2.481233333,0.00003,0xFF,0x00
SPI,disable,2.481265542,0.000000042,,
SPI,enable,2.481267417,0.000000042,,
SPI,result,2.481271708,0.00003,0xA8,0xFF
SPI,result,2.481307417,0.00003,0xFF,0x36
SPI,disable,2.481339667,0.000000042,,
SPI,enable,2.481341708,0.000000042,,
SPI,result,2.481346,0.00003,0xAB,0xFF
SPI,result,2.481381708,0.00003,0xFF,0x02
SPI,disable,2.481413958,0.000000042,,
SPI,enable,2.481415833,0.000000042,,
SPI,result,2.481420125,0.00003,0xAA,0xFF
SPI,result,2.481455833,0.00003,0xFF,0x04
SPI,disable,2.481488042,0.000000042,,
SPI,enable,2.481490125,0.000000042,,
SPI,result,2.481494417,0.00003,0xAD,0xFF
SPI,result,2.481530125,0.00003,0xFF,0x3E
SPI,disable,2.481562375,0.000000042,,
SPI,enable,2.48156425,0.000000042,,
SPI,result,2.481568542,0.00003,0xAC,0xFF
SPI,result,2.481604208,0.000030042,0xFF,0x97
SPI,disable,2.481636458,0.000000042,,
SPI,enable,4.179859792,0.000000042,,
SPI,result,4.179864042,0.00003,0xA9,0xFF
SPI,result,4.17989975,0.00003,0xFF,0x00
SPI,disable,4.179931958,0.000000042,,
SPI,enable,4.179933833,0.000000042,,
SPI,result,4.179938125,0.00003,0xA8,0xFF
SPI,result,4.179973833,0.00003,0xFF,0x19
SPI,disable,4.180006042,0.000000042,,
SPI,enable,4.180008083,0.000000042,,
SPI,result,4.180012375,0.00003,0xAB,0xFF
SPI,result,4.180048083,0.00003,0xFF,0x02
SPI,disable,4.180080333,0.000000042,,
SPI,enable,4.180082208,0.000000042,,
SPI,result,4.1800865,0.000029958,0xAA,0xFF
SPI,result,4.180122167,0.00003,0xFF,0xFA
SPI,disable,4.180154417,0.000000042,,
SPI,enable,4.180156458,0.000000042,,
SPI,result,4.18016075,0.00003,0xAD,0xFF
SPI,result,4.180196458,0.000030042,0xFF,0x3E
SPI,disable,4.180228708,0.000000042,,
SPI,enable,4.180230583,0.000000042,,
SPI,result,4.180234875,0.00003,0xAC,0xFF
SPI,result,4.180270583,0.00003,0xFF,0xA8
SPI,disable,4.180302792,0.000000042,,
SPI,enable,5.879261458,0.000000042,,
SPI,result,5.87926575,0.00003,0xA9,0xFF
SPI,result,5.879301458,0.00003,0xFF,0x00
SPI,disable,5.879333708,0.000000042,,
SPI,enable,5.879335583,0.000000042,,
SPI,result,5.879339875,0.00003,0xA8,0xFF
SPI,result,5.879375583,0.00003,0xFF,0x33
SPI,disable,5.879407792,0.000000042,,
SPI,enable,5.879409875,0.000000042,,
SPI,result,5.879414125,0.000030042,0xAB,0xFF
SPI,result,5.879449833,0.000030042,0xFF,0x01
SPI,disable,5.879482083,0.000000042,,
SPI,enable,5.879483958,0.000000042,,
SPI,result,5.87948825,0.00003,0xAA,0xFF
SPI,result,5.879523958,0.00003,0xFF,0x07
SPI,disable,5.879556208,0.000000042,,
SPI,enable,5.87955825,0.000000042,,
SPI,result,5.879562542,0.00003,0xAD,0xFF
SPI,result,5.87959825,0.00003,0xFF,0x3E
SPI,disable,5.879630458,0.000000042,,
SPI,enable,5.879632333,0.000000042,,
SPI,result,5.879636625,0.00003,0xAC,0xFF
SPI,result,5.879672333,0.00003,0xFF,0x99
SPI,disable,5.879704542,0.000000042,,
SPI,enable,7.577847958,0.000000042,,
SPI,result,7.57785225,0.00003,0xA9,0xFF
SPI,result,7.577887917,0.00003,0xFF,0x00
SPI,disable,7.577920125,0.000000042,,
SPI,enable,7.577922,0.000000042,,
SPI,result,7.577926292,0.00003,0xA8,0xFF
SPI,result,7.577961958,0.00003,0xFF,0x28
SPI,disable,7.577994167,0.000000042,,
SPI,enable,7.57799625,0.000000042,,
SPI,result,7.578000542,0.000029958,0xAB,0xFF
SPI,result,7.578036208,0.00003,0xFF,0x02
SPI,disable,7.578068417,0.000000042,,
SPI,enable,7.578070292,0.000000042,,
SPI,result,7.578074583,0.00003,0xAA,0xFF
SPI,result,7.57811025,0.00003,0xFF,0x10
SPI,disable,7.578142458,0.000000042,,
SPI,enable,7.578144542,0.000000042,,
SPI,result,7.578148833,0.000029958,0xAD,0xFF
SPI,result,7.5781845,0.000029958,0xFF,0x3E
SPI,disable,7.578216708,0.000000042,,
SPI,enable,7.578218583,0.000000042,,
SPI,result,7.578222875,0.000029958,0xAC,0xFF
SPI,result,7.578258542,0.000029958,0xFF,0x8B
SPI,disable,7.578290708,0.000000042,,
